compCode,Category,Sub_category,crawl_Timestamp
ADVENTA,main,healthcare,2019-02-26 10:53:41
AHEALTH,main,healthcare,2019-02-26 10:53:41
CCMDBIO,main,healthcare,2019-02-26 10:53:41
HARTA,main,healthcare,2019-02-26 10:53:41
IHH,main,healthcare,2019-02-26 10:53:41
KOSSAN,main,healthcare,2019-02-26 10:53:41
KOTRA,main,healthcare,2019-02-26 10:53:41
KPJ,main,healthcare,2019-02-26 10:53:41
PHARMA,main,healthcare,2019-02-26 10:53:41
SUPERMX,main,healthcare,2019-02-26 10:53:41
TMCLIFE,main,healthcare,2019-02-26 10:53:41
TMCLIFE-WB,main,healthcare,2019-02-26 10:53:41
TOPGLOV,main,healthcare,2019-02-26 10:53:41
YSPSAH,main,healthcare,2019-02-26 10:53:41
ALAM,main,energy,2019-02-26 10:53:46
ARMADA,main,energy,2019-02-26 10:53:46
BARAKAH,main,energy,2019-02-26 10:53:46
CARIMIN,main,energy,2019-02-26 10:53:46
COASTAL,main,energy,2019-02-26 10:53:46
DAYA,main,energy,2019-02-26 10:53:47
DAYANG,main,energy,2019-02-26 10:53:47
DELEUM,main,energy,2019-02-26 10:53:47
DIALOG,main,energy,2019-02-26 10:53:47
HANDAL,main,energy,2019-02-26 10:53:47
HENGYUAN,main,energy,2019-02-26 10:53:47
HIBISCS,main,energy,2019-02-26 10:53:47
HIBISCS-WC,main,energy,2019-02-26 10:53:47
HUAAN,main,energy,2019-02-26 10:53:47
ICON,main,energy,2019-02-26 10:53:47
KNM,main,energy,2019-02-26 10:53:47
KNM-WB,main,energy,2019-02-26 10:53:47
MHB,main,energy,2019-02-26 10:53:47
PENERGY,main,energy,2019-02-26 10:53:47
PERDANA,main,energy,2019-02-26 10:53:47
PERISAI,main,energy,2019-02-26 10:53:47
PETRONM,main,energy,2019-02-26 10:53:47
REACH,main,energy,2019-02-26 10:53:47
REACH-WA,main,energy,2019-02-26 10:53:47
SAPNRG,main,energy,2019-02-26 10:53:47
SAPNRG-PA,main,energy,2019-02-26 10:53:47
SAPNRG-WA,main,energy,2019-02-26 10:53:47
SCOMI,main,energy,2019-02-26 10:53:47
SCOMI-WB,main,energy,2019-02-26 10:53:47
SCOMIES,main,energy,2019-02-26 10:53:47
SERBADK,main,energy,2019-02-26 10:53:47
SUMATEC,main,energy,2019-02-26 10:53:48
SUMATEC-WA,main,energy,2019-02-26 10:53:48
T7GLOBAL,main,energy,2019-02-26 10:53:48
THHEAVY,main,energy,2019-02-26 10:53:48
THHEAVY-PB,main,energy,2019-02-26 10:53:48
UZMA,main,energy,2019-02-26 10:53:48
VELESTO,main,energy,2019-02-26 10:53:48
VELESTO-WA,main,energy,2019-02-26 10:53:48
WASEONG,main,energy,2019-02-26 10:53:48
YINSON,main,energy,2019-02-26 10:53:48
CENSOF,main,technology,2019-02-26 10:53:51
CENSOF-WB,main,technology,2019-02-26 10:53:51
CUSCAPI,main,technology,2019-02-26 10:53:51
D&O,main,technology,2019-02-26 10:53:51
DATAPRP,main,technology,2019-02-26 10:53:51
DIGISTA,main,technology,2019-02-26 10:53:51
DIGISTA-WB,main,technology,2019-02-26 10:53:52
DNEX,main,technology,2019-02-26 10:53:52
DNEX-WD,main,technology,2019-02-26 10:53:52
DSONIC,main,technology,2019-02-26 10:53:52
DSONIC-WA,main,technology,2019-02-26 10:53:52
EDARAN,main,technology,2019-02-26 10:53:52
EFORCE,main,technology,2019-02-26 10:53:52
EFORCE-WA,main,technology,2019-02-26 10:53:52
ELSOFT,main,technology,2019-02-26 10:53:52
FRONTKN,main,technology,2019-02-26 10:53:52
FSBM,main,technology,2019-02-26 10:53:52
FSBM-WA,main,technology,2019-02-26 10:53:52
GHLSYS,main,technology,2019-02-26 10:53:52
GRANFLO,main,technology,2019-02-26 10:53:52
GTRONIC,main,technology,2019-02-26 10:53:52
HTPADU,main,technology,2019-02-26 10:53:52
INARI,main,technology,2019-02-26 10:53:52
INARI-WB,main,technology,2019-02-26 10:53:52
ITRONIC,main,technology,2019-02-26 10:53:52
JCY,main,technology,2019-02-26 10:53:52
KESM,main,technology,2019-02-26 10:53:52
KEYASIC,main,technology,2019-02-26 10:53:52
MI,main,technology,2019-02-26 10:53:52
MMSV,main,technology,2019-02-26 10:53:52
MPI,main,technology,2019-02-26 10:53:53
MSNIAGA,main,technology,2019-02-26 10:53:53
MYEG,main,technology,2019-02-26 10:53:53
NOTION,main,technology,2019-02-26 10:53:53
NOTION-WC,main,technology,2019-02-26 10:53:53
OMESTI,main,technology,2019-02-26 10:53:53
PANPAGE,main,technology,2019-02-26 10:53:53
PENTA,main,technology,2019-02-26 10:53:53
PRESBHD,main,technology,2019-02-26 10:53:53
THETA,main,technology,2019-02-26 10:53:53
TRIVE,main,technology,2019-02-26 10:53:53
TRIVE-WB,main,technology,2019-02-26 10:53:53
TURIYA,main,technology,2019-02-26 10:53:53
UNISEM,main,technology,2019-02-26 10:53:53
VITROX,main,technology,2019-02-26 10:53:53
VSTECS,main,technology,2019-02-26 10:53:53
WILLOW,main,technology,2019-02-26 10:53:53
ACME,main,property,2019-02-26 10:53:58
AMPROP,main,property,2019-02-26 10:53:58
AMPROP-PA,main,property,2019-02-26 10:53:58
AMPROP-PB,main,property,2019-02-26 10:53:58
AMVERTON,main,property,2019-02-26 10:53:58
ARK,main,property,2019-02-26 10:53:58
ARK-WB,main,property,2019-02-26 10:53:58
ASIAPAC,main,property,2019-02-26 10:53:58
ASIAPAC-WB,main,property,2019-02-26 10:53:58
AYER,main,property,2019-02-26 10:53:58
BCB,main,property,2019-02-26 10:53:58
BDB,main,property,2019-02-26 10:53:58
BERTAM,main,property,2019-02-26 10:53:58
BJASSET,main,property,2019-02-26 10:53:58
BJASSET-WB,main,property,2019-02-26 10:53:58
CHHB,main,property,2019-02-26 10:53:58
CHHB-WB,main,property,2019-02-26 10:53:59
CRESNDO,main,property,2019-02-26 10:53:59
CVIEW,main,property,2019-02-26 10:53:59
DAIMAN,main,property,2019-02-26 10:53:59
DBHD,main,property,2019-02-26 10:53:59
DBHD-WA,main,property,2019-02-26 10:53:59
DPS,main,property,2019-02-26 10:53:59
DPS-WB,main,property,2019-02-26 10:53:59
E&O,main,property,2019-02-26 10:53:59
E&O-WB,main,property,2019-02-26 10:53:59
ECOFIRS,main,property,2019-02-26 10:53:59
ECOFIRS-WC,main,property,2019-02-26 10:53:59
ECOWLD,main,property,2019-02-26 10:53:59
ECOWLD-WA,main,property,2019-02-26 10:53:59
ENCORP,main,property,2019-02-26 10:53:59
ENRA,main,property,2019-02-26 10:53:59
EUPE,main,property,2019-02-26 10:53:59
EWEIN,main,property,2019-02-26 10:53:59
EWINT,main,property,2019-02-26 10:53:59
EWINT-WA,main,property,2019-02-26 10:53:59
FARLIM,main,property,2019-02-26 10:53:59
GLOMAC,main,property,2019-02-26 10:53:59
GMUTUAL,main,property,2019-02-26 10:53:59
GOB,main,property,2019-02-26 10:53:59
GOB-WA,main,property,2019-02-26 10:53:59
GSB,main,property,2019-02-26 10:53:59
GUOCO,main,property,2019-02-26 10:53:59
HCK,main,property,2019-02-26 10:54:00
HCK-WA,main,property,2019-02-26 10:54:00
HOOVER,main,property,2019-02-26 10:54:00
HUAYANG,main,property,2019-02-26 10:54:00
IBHD,main,property,2019-02-26 10:54:00
IBHD-WA,main,property,2019-02-26 10:54:00
IBRACO,main,property,2019-02-26 10:54:00
IDEAL,main,property,2019-02-26 10:54:00
IDEAL-WB,main,property,2019-02-26 10:54:00
IGBB,main,property,2019-02-26 10:54:00
IGBB-PA,main,property,2019-02-26 10:54:00
IGBB-PB,main,property,2019-02-26 10:54:00
IOIPG,main,property,2019-02-26 10:54:00
IVORY,main,property,2019-02-26 10:54:00
IWCITY,main,property,2019-02-26 10:54:00
JIANKUN,main,property,2019-02-26 10:54:00
JIANKUN-WA,main,property,2019-02-26 10:54:00
JKGLAND,main,property,2019-02-26 10:54:00
KBUNAI,main,property,2019-02-26 10:54:00
KBUNAI-WC,main,property,2019-02-26 10:54:00
KEN,main,property,2019-02-26 10:54:01
KSL,main,property,2019-02-26 10:54:01
L&G,main,property,2019-02-26 10:54:01
LBICAP,main,property,2019-02-26 10:54:01
LBS,main,property,2019-02-26 10:54:01
LBS-PA,main,property,2019-02-26 10:54:01
LBS-WB,main,property,2019-02-26 10:54:01
LIENHOE,main,property,2019-02-26 10:54:01
MAGNA,main,property,2019-02-26 10:54:01
MAGNA-WB,main,property,2019-02-26 10:54:01
MAHSING,main,property,2019-02-26 10:54:01
MAHSING-WC,main,property,2019-02-26 10:54:01
MALTON,main,property,2019-02-26 10:54:01
MATRIX,main,property,2019-02-26 10:54:01
MATRIX-WA,main,property,2019-02-26 10:54:01
MBWORLD,main,property,2019-02-26 10:54:01
MCT,main,property,2019-02-26 10:54:01
MEDAINC,main,property,2019-02-26 10:54:01
MEDAINC-WA,main,property,2019-02-26 10:54:01
MEDAINC-WB,main,property,2019-02-26 10:54:01
MEDAINC-WC,main,property,2019-02-26 10:54:01
MENANG,main,property,2019-02-26 10:54:01
MENANG-WB,main,property,2019-02-26 10:54:01
MJPERAK,main,property,2019-02-26 10:54:01
MKH,main,property,2019-02-26 10:54:01
MKLAND,main,property,2019-02-26 10:54:01
MPCORP,main,property,2019-02-26 10:54:01
MRCB,main,property,2019-02-26 10:54:01
MRCB-WB,main,property,2019-02-26 10:54:02
MUH,main,property,2019-02-26 10:54:02
MUIPROP,main,property,2019-02-26 10:54:02
NAIM,main,property,2019-02-26 10:54:02
OIB,main,property,2019-02-26 10:54:02
OSK,main,property,2019-02-26 10:54:02
OSK-WC,main,property,2019-02-26 10:54:02
PARAMON,main,property,2019-02-26 10:54:02
PASDEC,main,property,2019-02-26 10:54:02
PASDEC-WA,main,property,2019-02-26 10:54:02
PHB,main,property,2019-02-26 10:54:02
PLB,main,property,2019-02-26 10:54:02
PLENITU,main,property,2019-02-26 10:54:02
RAPID,main,property,2019-02-26 10:54:02
SAPRES,main,property,2019-02-26 10:54:02
SBCCORP,main,property,2019-02-26 10:54:02
SDRED,main,property,2019-02-26 10:54:02
SEAL,main,property,2019-02-26 10:54:02
SHL,main,property,2019-02-26 10:54:02
SIMEPROP,main,property,2019-02-26 10:54:03
SMI,main,property,2019-02-26 10:54:03
SNTORIA,main,property,2019-02-26 10:54:03
SNTORIA-WA,main,property,2019-02-26 10:54:03
SNTORIA-WB,main,property,2019-02-26 10:54:03
SPB,main,property,2019-02-26 10:54:03
SPSETIA,main,property,2019-02-26 10:54:03
SPSETIA-PA,main,property,2019-02-26 10:54:03
SPSETIA-PB,main,property,2019-02-26 10:54:03
SUNSURIA,main,property,2019-02-26 10:54:03
SUNSURIA-WA,main,property,2019-02-26 10:54:03
SYMLIFE,main,property,2019-02-26 10:54:03
SYMLIFE-WB,main,property,2019-02-26 10:54:03
TADMAX,main,property,2019-02-26 10:54:03
TAGB,main,property,2019-02-26 10:54:03
TALAMT,main,property,2019-02-26 10:54:03
TAMBUN,main,property,2019-02-26 10:54:03
TANCO,main,property,2019-02-26 10:54:03
TANCO-WB,main,property,2019-02-26 10:54:03
THRIVEN,main,property,2019-02-26 10:54:03
THRIVEN-WB,main,property,2019-02-26 10:54:03
TIGER,main,property,2019-02-26 10:54:03
TIGER-WC,main,property,2019-02-26 10:54:03
TITIJYA,main,property,2019-02-26 10:54:03
TITIJYA-PA,main,property,2019-02-26 10:54:03
TROP,main,property,2019-02-26 10:54:03
TROP-WA,main,property,2019-02-26 10:54:03
UEMS,main,property,2019-02-26 10:54:03
UOADEV,main,property,2019-02-26 10:54:03
WMG,main,property,2019-02-26 10:54:04
Y&G,main,property,2019-02-26 10:54:04
Y&G-WA,main,property,2019-02-26 10:54:04
YNHPROP,main,property,2019-02-26 10:54:04
YONGTAI,main,property,2019-02-26 10:54:04
YONGTAI-PA,main,property,2019-02-26 10:54:04
YONGTAI-WA,main,property,2019-02-26 10:54:04
YTLLAND,main,property,2019-02-26 10:54:04
EDEN,main,utilities,2019-02-26 10:54:10
EDEN-WB,main,utilities,2019-02-26 10:54:10
GASMSIA,main,utilities,2019-02-26 10:54:10
KPS,main,utilities,2019-02-26 10:54:10
MALAKOF,main,utilities,2019-02-26 10:54:10
MFCB,main,utilities,2019-02-26 10:54:10
MFCB-WA,main,utilities,2019-02-26 10:54:10
PBA,main,utilities,2019-02-26 10:54:10
PETGAS,main,utilities,2019-02-26 10:54:10
RANHILL,main,utilities,2019-02-26 10:54:10
SALCON,main,utilities,2019-02-26 10:54:11
SALCON-WB,main,utilities,2019-02-26 10:54:11
TALIWRK,main,utilities,2019-02-26 10:54:11
TENAGA,main,utilities,2019-02-26 10:54:11
YTL,main,utilities,2019-02-26 10:54:11
YTLPOWR,main,utilities,2019-02-26 10:54:11
ABMB,main,finance,2019-02-26 10:54:13
AEONCR,main,finance,2019-02-26 10:54:14
AFFIN,main,finance,2019-02-26 10:54:14
ALLIANZ,main,finance,2019-02-26 10:54:14
ALLIANZ-PA,main,finance,2019-02-26 10:54:14
AMBANK,main,finance,2019-02-26 10:54:14
APEX,main,finance,2019-02-26 10:54:14
BIMB,main,finance,2019-02-26 10:54:14
BIMB-WA,main,finance,2019-02-26 10:54:14
BURSA,main,finance,2019-02-26 10:54:14
CIMB,main,finance,2019-02-26 10:54:15
ECM,main,finance,2019-02-26 10:54:15
ELKDESA,main,finance,2019-02-26 10:54:15
HLBANK,main,finance,2019-02-26 10:54:15
HLCAP,main,finance,2019-02-26 10:54:15
HLFG,main,finance,2019-02-26 10:54:15
INSAS,main,finance,2019-02-26 10:54:15
INSAS-PA,main,finance,2019-02-26 10:54:15
INSAS-WB,main,finance,2019-02-26 10:54:15
JOHAN,main,finance,2019-02-26 10:54:15
KENANGA,main,finance,2019-02-26 10:54:15
KUCHAI,main,finance,2019-02-26 10:54:15
LPI,main,finance,2019-02-26 10:54:15
MAA,main,finance,2019-02-26 10:54:15
MANULFE,main,finance,2019-02-26 10:54:15
MAYBANK,main,finance,2019-02-26 10:54:15
MBSB,main,finance,2019-02-26 10:54:15
MNRB,main,finance,2019-02-26 10:54:15
MPHBCAP,main,finance,2019-02-26 10:54:15
P&O,main,finance,2019-02-26 10:54:16
PBBANK,main,finance,2019-02-26 10:54:16
RCECAP,main,finance,2019-02-26 10:54:16
RHBBANK,main,finance,2019-02-26 10:54:16
TA,main,finance,2019-02-26 10:54:16
TAKAFUL,main,finance,2019-02-26 10:54:16
TUNEPRO,main,finance,2019-02-26 10:54:16
AMEDIA,main,telcomedia,2019-02-26 10:54:18
AMTEL,main,telcomedia,2019-02-26 10:54:18
ASTRO,main,telcomedia,2019-02-26 10:54:18
AXIATA,main,telcomedia,2019-02-26 10:54:18
BJMEDIA,main,telcomedia,2019-02-26 10:54:18
DIGI,main,telcomedia,2019-02-26 10:54:19
ECOHLDS,main,telcomedia,2019-02-26 10:54:19
GPACKET,main,telcomedia,2019-02-26 10:54:19
GPACKET-WB,main,telcomedia,2019-02-26 10:54:19
MAXIS,main,telcomedia,2019-02-26 10:54:19
MEDIA,main,telcomedia,2019-02-26 10:54:19
MEDIAC,main,telcomedia,2019-02-26 10:54:19
OCK,main,telcomedia,2019-02-26 10:54:19
OCK-WA,main,telcomedia,2019-02-26 10:54:19
PPG,main,telcomedia,2019-02-26 10:54:19
SASBADI,main,telcomedia,2019-02-26 10:54:19
SJC,main,telcomedia,2019-02-26 10:54:19
STAR,main,telcomedia,2019-02-26 10:54:19
TIMECOM,main,telcomedia,2019-02-26 10:54:19
TM,main,telcomedia,2019-02-26 10:54:19
UTUSAN,main,telcomedia,2019-02-26 10:54:19
3A,main,consumer,2019-02-26 10:54:21
AAX,main,consumer,2019-02-26 10:54:21
AAX-WA,main,consumer,2019-02-26 10:54:22
ACOSTEC,main,consumer,2019-02-26 10:54:22
AEON,main,consumer,2019-02-26 10:54:22
AHB,main,consumer,2019-02-26 10:54:23
AHB-WB,main,consumer,2019-02-26 10:54:23
AIRASIA,main,consumer,2019-02-26 10:54:24
AJI,main,consumer,2019-02-26 10:54:24
AMTEK,main,consumer,2019-02-26 10:54:24
AMWAY,main,consumer,2019-02-26 10:54:24
APFT,main,consumer,2019-02-26 10:54:25
APOLLO,main,consumer,2019-02-26 10:54:25
ASB,main,consumer,2019-02-26 10:54:25
ASIABRN,main,consumer,2019-02-26 10:54:25
ASIAFLE,main,consumer,2019-02-26 10:54:25
ATLAN,main,consumer,2019-02-26 10:54:25
AVI,main,consumer,2019-02-26 10:54:25
BAT,main,consumer,2019-02-26 10:54:25
BAUTO,main,consumer,2019-02-26 10:54:25
BIOOSMO,main,consumer,2019-02-26 10:54:25
BJFOOD,main,consumer,2019-02-26 10:54:25
BJLAND,main,consumer,2019-02-26 10:54:25
BJTOTO,main,consumer,2019-02-26 10:54:25
BONIA,main,consumer,2019-02-26 10:54:26
BRAHIMS,main,consumer,2019-02-26 10:54:26
CAB,main,consumer,2019-02-26 10:54:26
CAB-WA,main,consumer,2019-02-26 10:54:26
CAELY,main,consumer,2019-02-26 10:54:26
CAELY-WA,main,consumer,2019-02-26 10:54:26
CAMRES,main,consumer,2019-02-26 10:54:26
CARING,main,consumer,2019-02-26 10:54:26
CARLSBG,main,consumer,2019-02-26 10:54:26
CCB,main,consumer,2019-02-26 10:54:26
CCK,main,consumer,2019-02-26 10:54:26
CCK-WA,main,consumer,2019-02-26 10:54:27
CHEETAH,main,consumer,2019-02-26 10:54:27
CIHLDG,main,consumer,2019-02-26 10:54:27
CNI,main,consumer,2019-02-26 10:54:27
CNOUHUA,main,consumer,2019-02-26 10:54:27
COCOLND,main,consumer,2019-02-26 10:54:27
CSCENIC,main,consumer,2019-02-26 10:54:27
CSL,main,consumer,2019-02-26 10:54:27
CWG,main,consumer,2019-02-26 10:54:27
DBE,main,consumer,2019-02-26 10:54:27
DBE-WB,main,consumer,2019-02-26 10:54:28
DEGEM,main,consumer,2019-02-26 10:54:28
DKSH,main,consumer,2019-02-26 10:54:28
DLADY,main,consumer,2019-02-26 10:54:28
DRBHCOM,main,consumer,2019-02-26 10:54:28
EASTLND,main,consumer,2019-02-26 10:54:29
EIG,main,consumer,2019-02-26 10:54:29
EKA,main,consumer,2019-02-26 10:54:29
EMICO,main,consumer,2019-02-26 10:54:29
ENGKAH,main,consumer,2019-02-26 10:54:29
EURO,main,consumer,2019-02-26 10:54:29
EUROSP,main,consumer,2019-02-26 10:54:29
F&N,main,consumer,2019-02-26 10:54:30
FCW,main,consumer,2019-02-26 10:54:30
FIAMMA,main,consumer,2019-02-26 10:54:30
FIHB,main,consumer,2019-02-26 10:54:30
FIHB-PA,main,consumer,2019-02-26 10:54:30
FIHB-PB,main,consumer,2019-02-26 10:54:31
FPI,main,consumer,2019-02-26 10:54:31
G3,main,consumer,2019-02-26 10:54:31
G3-WA,main,consumer,2019-02-26 10:54:31
GCB,main,consumer,2019-02-26 10:54:31
GCE,main,consumer,2019-02-26 10:54:31
GENM,main,consumer,2019-02-26 10:54:32
GENTING,main,consumer,2019-02-26 10:54:32
GETS,main,consumer,2019-02-26 10:54:32
GREENYB,main,consumer,2019-02-26 10:54:32
HAIO,main,consumer,2019-02-26 10:54:32
HARISON,main,consumer,2019-02-26 10:54:32
HBGLOB,main,consumer,2019-02-26 10:54:32
HEIM,main,consumer,2019-02-26 10:54:32
HLIND,main,consumer,2019-02-26 10:54:32
HOMERIZ,main,consumer,2019-02-26 10:54:32
HOMERIZ-WA,main,consumer,2019-02-26 10:54:32
HUPSENG,main,consumer,2019-02-26 10:54:32
HWATAI,main,consumer,2019-02-26 10:54:32
IQGROUP,main,consumer,2019-02-26 10:54:32
JADI,main,consumer,2019-02-26 10:54:33
JAYCORP,main,consumer,2019-02-26 10:54:33
JERASIA,main,consumer,2019-02-26 10:54:33
JOHOTIN,main,consumer,2019-02-26 10:54:33
KAMDAR,main,consumer,2019-02-26 10:54:33
KAREX,main,consumer,2019-02-26 10:54:33
KAWAN,main,consumer,2019-02-26 10:54:33
KFM,main,consumer,2019-02-26 10:54:33
KHEESAN,main,consumer,2019-02-26 10:54:33
KHIND,main,consumer,2019-02-26 10:54:33
KPOWER,main,consumer,2019-02-26 10:54:33
KSTAR,main,consumer,2019-02-26 10:54:33
KSTAR-WA,main,consumer,2019-02-26 10:54:33
KTB,main,consumer,2019-02-26 10:54:34
LANDMRK,main,consumer,2019-02-26 10:54:34
LATITUD,main,consumer,2019-02-26 10:54:34
LAYHONG,main,consumer,2019-02-26 10:54:34
LAYHONG-WA,main,consumer,2019-02-26 10:54:34
LEESK,main,consumer,2019-02-26 10:54:34
LIIHEN,main,consumer,2019-02-26 10:54:34
LONBISC,main,consumer,2019-02-26 10:54:34
LONBISC-WA,main,consumer,2019-02-26 10:54:34
LTKM,main,consumer,2019-02-26 10:54:34
MAGNI,main,consumer,2019-02-26 10:54:34
MAGNUM,main,consumer,2019-02-26 10:54:34
MARCO,main,consumer,2019-02-26 10:54:34
MAXWELL,main,consumer,2019-02-26 10:54:35
MAXWELL-WA,main,consumer,2019-02-26 10:54:35
MBG,main,consumer,2019-02-26 10:54:35
MBMR,main,consumer,2019-02-26 10:54:35
MESB,main,consumer,2019-02-26 10:54:35
MESB-WA,main,consumer,2019-02-26 10:54:35
MFLOUR,main,consumer,2019-02-26 10:54:35
MFLOUR-WC,main,consumer,2019-02-26 10:54:35
MILUX,main,consumer,2019-02-26 10:54:35
MINDA,main,consumer,2019-02-26 10:54:35
MSM,main,consumer,2019-02-26 10:54:35
MSPORTS,main,consumer,2019-02-26 10:54:35
MUIIND,main,consumer,2019-02-26 10:54:35
MULPHA,main,consumer,2019-02-26 10:54:35
MYNEWS,main,consumer,2019-02-26 10:54:35
NESTLE,main,consumer,2019-02-26 10:54:35
NHFATT,main,consumer,2019-02-26 10:54:36
NICE,main,consumer,2019-02-26 10:54:36
NICE-WB,main,consumer,2019-02-26 10:54:36
NIHSIN,main,consumer,2019-02-26 10:54:36
NTPM,main,consumer,2019-02-26 10:54:36
OCB,main,consumer,2019-02-26 10:54:36
OCNCASH,main,consumer,2019-02-26 10:54:36
OFI,main,consumer,2019-02-26 10:54:36
OLYMPIA,main,consumer,2019-02-26 10:54:36
ORIENT,main,consumer,2019-02-26 10:54:36
OWG,main,consumer,2019-02-26 10:54:37
OWG-WA,main,consumer,2019-02-26 10:54:37
PADINI,main,consumer,2019-02-26 10:54:37
PANAMY,main,consumer,2019-02-26 10:54:37
PAOS,main,consumer,2019-02-26 10:54:37
PAOS-WA,main,consumer,2019-02-26 10:54:37
PARAGON,main,consumer,2019-02-26 10:54:37
PARKSON,main,consumer,2019-02-26 10:54:37
PCCS,main,consumer,2019-02-26 10:54:37
PCCS-WA,main,consumer,2019-02-26 10:54:37
PELIKAN,main,consumer,2019-02-26 10:54:37
PENSONI,main,consumer,2019-02-26 10:54:37
PENSONI-WB,main,consumer,2019-02-26 10:54:37
PERMAJU,main,consumer,2019-02-26 10:54:38
PETDAG,main,consumer,2019-02-26 10:54:38
PMCORP,main,consumer,2019-02-26 10:54:38
PMHLDG,main,consumer,2019-02-26 10:54:38
POHKONG,main,consumer,2019-02-26 10:54:38
POHUAT,main,consumer,2019-02-26 10:54:38
POHUAT-WB,main,consumer,2019-02-26 10:54:38
PPB,main,consumer,2019-02-26 10:54:38
PRG,main,consumer,2019-02-26 10:54:38
PRG-WA,main,consumer,2019-02-26 10:54:38
PRLEXUS,main,consumer,2019-02-26 10:54:38
PRLEXUS-WA,main,consumer,2019-02-26 10:54:38
PTRANS,main,consumer,2019-02-26 10:54:38
PTRANS-WA,main,consumer,2019-02-26 10:54:38
PWF,main,consumer,2019-02-26 10:54:38
PWF-WA,main,consumer,2019-02-26 10:54:38
PWROOT,main,consumer,2019-02-26 10:54:38
PWROOT-WA,main,consumer,2019-02-26 10:54:38
QL,main,consumer,2019-02-26 10:54:38
REX,main,consumer,2019-02-26 10:54:39
RGB,main,consumer,2019-02-26 10:54:39
RHONEMA,main,consumer,2019-02-26 10:54:39
SALUTE,main,consumer,2019-02-26 10:54:39
SANBUMI,main,consumer,2019-02-26 10:54:39
SAUDEE,main,consumer,2019-02-26 10:54:39
SAUDEE-WA,main,consumer,2019-02-26 10:54:39
SEG,main,consumer,2019-02-26 10:54:39
SEM,main,consumer,2019-02-26 10:54:39
SERNKOU,main,consumer,2019-02-26 10:54:39
SERNKOU-WA,main,consumer,2019-02-26 10:54:39
SHANG,main,consumer,2019-02-26 10:54:39
SHH,main,consumer,2019-02-26 10:54:40
SIGN,main,consumer,2019-02-26 10:54:40
SIGN-WA,main,consumer,2019-02-26 10:54:40
SIME,main,consumer,2019-02-26 10:54:40
SINOTOP,main,consumer,2019-02-26 10:54:40
SMCAP,main,consumer,2019-02-26 10:54:40
SMCAP-WC,main,consumer,2019-02-26 10:54:40
SNC,main,consumer,2019-02-26 10:54:40
SOLID,main,consumer,2019-02-26 10:54:40
SOLID-WA,main,consumer,2019-02-26 10:54:40
SPRITZER,main,consumer,2019-02-26 10:54:40
SUIWAH,main,consumer,2019-02-26 10:54:40
SWSCAP,main,consumer,2019-02-26 10:54:40
SWSCAP-WB,main,consumer,2019-02-26 10:54:40
SYF,main,consumer,2019-02-26 10:54:40
SYF-WB,main,consumer,2019-02-26 10:54:40
TAFI,main,consumer,2019-02-26 10:54:40
TCHONG,main,consumer,2019-02-26 10:54:41
TECGUAN,main,consumer,2019-02-26 10:54:41
TEKSENG,main,consumer,2019-02-26 10:54:41
TEKSENG-WA,main,consumer,2019-02-26 10:54:41
TEOSENG,main,consumer,2019-02-26 10:54:41
TEOSENG-WA,main,consumer,2019-02-26 10:54:41
TGL,main,consumer,2019-02-26 10:54:41
TOMEI,main,consumer,2019-02-26 10:54:42
TPC,main,consumer,2019-02-26 10:54:42
TPC-WA,main,consumer,2019-02-26 10:54:42
UMW,main,consumer,2019-02-26 10:54:42
UPA,main,consumer,2019-02-26 10:54:42
VERTICE,main,consumer,2019-02-26 10:54:43
VERTICE-WA,main,consumer,2019-02-26 10:54:43
WANGZNG,main,consumer,2019-02-26 10:54:43
WARISAN,main,consumer,2019-02-26 10:54:43
XDL,main,consumer,2019-02-26 10:54:43
XDL-WD,main,consumer,2019-02-26 10:54:43
XIANLNG,main,consumer,2019-02-26 10:54:44
XINQUAN,main,consumer,2019-02-26 10:54:44
XINQUAN-WA,main,consumer,2019-02-26 10:54:44
XINQUAN-WB,main,consumer,2019-02-26 10:54:44
YEELEE,main,consumer,2019-02-26 10:54:44
YOCB,main,consumer,2019-02-26 10:54:44
ZHULIAN,main,consumer,2019-02-26 10:54:45
ADVCON,main,construction,2019-02-26 10:54:49
AZRB,main,construction,2019-02-26 10:54:49
AZRB-WA,main,construction,2019-02-26 10:54:50
BENALEC,main,construction,2019-02-26 10:54:50
BPURI,main,construction,2019-02-26 10:54:50
BREM,main,construction,2019-02-26 10:54:50
CRESBLD,main,construction,2019-02-26 10:54:50
DKLS,main,construction,2019-02-26 10:54:50
ECONBHD,main,construction,2019-02-26 10:54:50
ECONBHD-WA,main,construction,2019-02-26 10:54:50
EKOVEST,main,construction,2019-02-26 10:54:50
EKOVEST-WB,main,construction,2019-02-26 10:54:50
FAJAR,main,construction,2019-02-26 10:54:50
FAJAR-WB,main,construction,2019-02-26 10:54:50
GADANG,main,construction,2019-02-26 10:54:50
GADANG-WB,main,construction,2019-02-26 10:54:50
GAMUDA,main,construction,2019-02-26 10:54:50
GAMUDA-WE,main,construction,2019-02-26 10:54:50
GBGAQRS,main,construction,2019-02-26 10:54:50
GBGAQRS-WB,main,construction,2019-02-26 10:54:50
GKENT,main,construction,2019-02-26 10:54:50
HOHUP,main,construction,2019-02-26 10:54:50
HSL,main,construction,2019-02-26 10:54:50
IJM,main,construction,2019-02-26 10:54:50
IKHMAS,main,construction,2019-02-26 10:54:50
INTA,main,construction,2019-02-26 10:54:51
IREKA,main,construction,2019-02-26 10:54:51
IREKA-WB,main,construction,2019-02-26 10:54:51
JAKS,main,construction,2019-02-26 10:54:51
JAKS-WB,main,construction,2019-02-26 10:54:51
KERJAYA,main,construction,2019-02-26 10:54:51
KERJAYA-WB,main,construction,2019-02-26 10:54:51
KIMLUN,main,construction,2019-02-26 10:54:51
KIMLUN-WA,main,construction,2019-02-26 10:54:51
LEBTECH,main,construction,2019-02-26 10:54:51
MELATI,main,construction,2019-02-26 10:54:51
MERCURY,main,construction,2019-02-26 10:54:51
MERGE,main,construction,2019-02-26 10:54:51
MGB,main,construction,2019-02-26 10:54:51
MGB-WA,main,construction,2019-02-26 10:54:51
MITRA,main,construction,2019-02-26 10:54:51
MITRA-WD,main,construction,2019-02-26 10:54:51
MITRA-WE,main,construction,2019-02-26 10:54:51
MTDACPI,main,construction,2019-02-26 10:54:51
MUDAJYA,main,construction,2019-02-26 10:54:52
MUHIBAH,main,construction,2019-02-26 10:54:52
OCR,main,construction,2019-02-26 10:54:52
OCR-PA,main,construction,2019-02-26 10:54:52
OCR-WC,main,construction,2019-02-26 10:54:52
OCR-WD,main,construction,2019-02-26 10:54:52
PEB,main,construction,2019-02-26 10:54:52
PESONA,main,construction,2019-02-26 10:54:52
PESONA-WC,main,construction,2019-02-26 10:54:52
PRTASCO,main,construction,2019-02-26 10:54:52
PRTASCO-WA,main,construction,2019-02-26 10:54:52
PSIPTEK,main,construction,2019-02-26 10:54:52
PSIPTEK-WA,main,construction,2019-02-26 10:54:52
PTARAS,main,construction,2019-02-26 10:54:52
PUNCAK,main,construction,2019-02-26 10:54:52
SENDAI,main,construction,2019-02-26 10:54:52
SUNCON,main,construction,2019-02-26 10:54:52
SYCAL,main,construction,2019-02-26 10:54:52
TRC,main,construction,2019-02-26 10:54:52
TSRCAP,main,construction,2019-02-26 10:54:52
TSRCAP-WB,main,construction,2019-02-26 10:54:52
VIZIONE,main,construction,2019-02-26 10:54:52
VIZIONE-WC,main,construction,2019-02-26 10:54:52
WCEHB,main,construction,2019-02-26 10:54:52
WCT,main,construction,2019-02-26 10:54:52
WCT-WE,main,construction,2019-02-26 10:54:52
ZECON,main,construction,2019-02-26 10:54:53
ZELAN,main,construction,2019-02-26 10:54:53
AHP,main,reits,2019-02-26 10:54:58
ALAQAR,main,reits,2019-02-26 10:54:58
ALSREIT,main,reits,2019-02-26 10:54:58
AMFIRST,main,reits,2019-02-26 10:54:58
ARREIT,main,reits,2019-02-26 10:54:58
ATRIUM,main,reits,2019-02-26 10:54:58
AXREIT,main,reits,2019-02-26 10:54:58
CMMT,main,reits,2019-02-26 10:54:58
HEKTAR,main,reits,2019-02-26 10:54:58
IGBREIT,main,reits,2019-02-26 10:54:59
KIPREIT,main,reits,2019-02-26 10:54:59
KLCC,main,reits,2019-02-26 10:54:59
MQREIT,main,reits,2019-02-26 10:54:59
PAVREIT,main,reits,2019-02-26 10:54:59
SUNREIT,main,reits,2019-02-26 10:54:59
TWRREIT,main,reits,2019-02-26 10:54:59
UOAREIT,main,reits,2019-02-26 10:54:59
YTLREIT,main,reits,2019-02-26 10:54:59
ABLEGRP,main,indprod,2019-02-26 10:55:02
ADVPKG,main,indprod,2019-02-26 10:55:02
AEM,main,indprod,2019-02-26 10:55:02
AEM-WA,main,indprod,2019-02-26 10:55:02
AFUJIYA,main,indprod,2019-02-26 10:55:02
AISB,main,indprod,2019-02-26 10:55:02
AJIYA,main,indprod,2019-02-26 10:55:02
AJIYA-WA,main,indprod,2019-02-26 10:55:02
ALCOM,main,indprod,2019-02-26 10:55:02
ANALABS,main,indprod,2019-02-26 10:55:02
ANCOM,main,indprod,2019-02-26 10:55:02
ANNJOO,main,indprod,2019-02-26 10:55:02
ANNJOO-PA,main,indprod,2019-02-26 10:55:02
ANZO,main,indprod,2019-02-26 10:55:02
ANZO-WA,main,indprod,2019-02-26 10:55:02
ANZO-WB,main,indprod,2019-02-26 10:55:02
ANZO-WC,main,indprod,2019-02-26 10:55:03
APB,main,indprod,2019-02-26 10:55:03
APM,main,indprod,2019-02-26 10:55:03
ARANK,main,indprod,2019-02-26 10:55:03
ASTINO,main,indprod,2019-02-26 10:55:03
ATAIMS,main,indprod,2019-02-26 10:55:03
ATTA,main,indprod,2019-02-26 10:55:03
ATTA-PA,main,indprod,2019-02-26 10:55:03
ATTA-WB,main,indprod,2019-02-26 10:55:03
ATTA-WC,main,indprod,2019-02-26 10:55:03
ATURMJU,main,indprod,2019-02-26 10:55:03
ATURMJU-PA,main,indprod,2019-02-26 10:55:03
AWC,main,indprod,2019-02-26 10:55:03
AWC-WA,main,indprod,2019-02-26 10:55:03
AYS,main,indprod,2019-02-26 10:55:03
BIG,main,indprod,2019-02-26 10:55:03
BINTAI,main,indprod,2019-02-26 10:55:03
BINTAI-WA,main,indprod,2019-02-26 10:55:03
BJCORP,main,indprod,2019-02-26 10:55:03
BJCORP-WB,main,indprod,2019-02-26 10:55:04
BJCORP-WC,main,indprod,2019-02-26 10:55:04
BOILERM,main,indprod,2019-02-26 10:55:04
BORNOIL,main,indprod,2019-02-26 10:55:04
BORNOIL-WC,main,indprod,2019-02-26 10:55:04
BORNOIL-WD,main,indprod,2019-02-26 10:55:04
BOXPAK,main,indprod,2019-02-26 10:55:04
BOXPAK-WA,main,indprod,2019-02-26 10:55:04
BPPLAS,main,indprod,2019-02-26 10:55:04
BRIGHT,main,indprod,2019-02-26 10:55:04
BSLCORP,main,indprod,2019-02-26 10:55:04
BSTEAD,main,indprod,2019-02-26 10:55:04
BTM,main,indprod,2019-02-26 10:55:04
BTM-WA,main,indprod,2019-02-26 10:55:04
BTM-WB,main,indprod,2019-02-26 10:55:04
CANONE,main,indprod,2019-02-26 10:55:04
CAP,main,indprod,2019-02-26 10:55:04
CBIP,main,indprod,2019-02-26 10:55:04
CBIP-WA,main,indprod,2019-02-26 10:55:04
CCM,main,indprod,2019-02-26 10:55:04
CEPCO,main,indprod,2019-02-26 10:55:04
CFM,main,indprod,2019-02-26 10:55:04
CHINHIN,main,indprod,2019-02-26 10:55:04
CHINWEL,main,indprod,2019-02-26 10:55:04
CHOOBEE,main,indprod,2019-02-26 10:55:04
CHUAN,main,indprod,2019-02-26 10:55:04
CICB,main,indprod,2019-02-26 10:55:04
CME,main,indprod,2019-02-26 10:55:05
CME-WA,main,indprod,2019-02-26 10:55:05
CMSB,main,indprod,2019-02-26 10:55:05
CNASIA,main,indprod,2019-02-26 10:55:05
COMCORP,main,indprod,2019-02-26 10:55:05
COMFORT,main,indprod,2019-02-26 10:55:05
COMPUGT,main,indprod,2019-02-26 10:55:05
CSCSTEL,main,indprod,2019-02-26 10:55:05
CYL,main,indprod,2019-02-26 10:55:05
CYMAO,main,indprod,2019-02-26 10:55:05
CYPARK,main,indprod,2019-02-26 10:55:05
DAIBOCI,main,indprod,2019-02-26 10:55:05
DAIBOCI-WB,main,indprod,2019-02-26 10:55:05
DANCO,main,indprod,2019-02-26 10:55:05
DANCO-WA,main,indprod,2019-02-26 10:55:05
DESTINI,main,indprod,2019-02-26 10:55:05
DNONCE,main,indprod,2019-02-26 10:55:05
DNONCE-WA,main,indprod,2019-02-26 10:55:05
DOLMITE,main,indprod,2019-02-26 10:55:05
DOLPHIN,main,indprod,2019-02-26 10:55:05
DOLPHIN-WA,main,indprod,2019-02-26 10:55:05
DOMINAN,main,indprod,2019-02-26 10:55:05
DOMINAN-WA,main,indprod,2019-02-26 10:55:05
DUFU,main,indprod,2019-02-26 10:55:05
EDGENTA,main,indprod,2019-02-26 10:55:05
EFFICEN,main,indprod,2019-02-26 10:55:06
EG,main,indprod,2019-02-26 10:55:06
EG-PA,main,indprod,2019-02-26 10:55:06
EG-WC,main,indprod,2019-02-26 10:55:06
EITA,main,indprod,2019-02-26 10:55:06
EKSONS,main,indprod,2019-02-26 10:55:06
EMETALL,main,indprod,2019-02-26 10:55:06
ENGTEX,main,indprod,2019-02-26 10:55:06
EPMB,main,indprod,2019-02-26 10:55:06
EVERGRN,main,indprod,2019-02-26 10:55:06
FACBIND,main,indprod,2019-02-26 10:55:06
FAVCO,main,indprod,2019-02-26 10:55:06
FIBON,main,indprod,2019-02-26 10:55:06
FIMACOR,main,indprod,2019-02-26 10:55:06
FITTERS,main,indprod,2019-02-26 10:55:06
FITTERS-WB,main,indprod,2019-02-26 10:55:06
FLBHD,main,indprod,2019-02-26 10:55:06
FPGROUP,main,indprod,2019-02-26 10:55:06
GESHEN,main,indprod,2019-02-26 10:55:06
GLOTEC,main,indprod,2019-02-26 10:55:06
GLOTEC-WA,main,indprod,2019-02-26 10:55:06
GOODWAY,main,indprod,2019-02-26 10:55:06
GPA,main,indprod,2019-02-26 10:55:06
GPA-WA,main,indprod,2019-02-26 10:55:06
GPHAROS,main,indprod,2019-02-26 10:55:06
GUH,main,indprod,2019-02-26 10:55:06
HALEX,main,indprod,2019-02-26 10:55:07
HAPSENG,main,indprod,2019-02-26 10:55:07
HEVEA,main,indprod,2019-02-26 10:55:07
HEVEA-WB,main,indprod,2019-02-26 10:55:07
HEXZA,main,indprod,2019-02-26 10:55:07
HIAPTEK,main,indprod,2019-02-26 10:55:07
HIAPTEK-WB,main,indprod,2019-02-26 10:55:07
HIGHTEC,main,indprod,2019-02-26 10:55:07
HIL,main,indprod,2019-02-26 10:55:07
HIL-WB,main,indprod,2019-02-26 10:55:07
HOKHENG,main,indprod,2019-02-26 10:55:07
HSSEB,main,indprod,2019-02-26 10:55:07
HSSEB-WA,main,indprod,2019-02-26 10:55:07
HUMEIND,main,indprod,2019-02-26 10:55:07
HWGB,main,indprod,2019-02-26 10:55:07
HWGB-WD,main,indprod,2019-02-26 10:55:07
IMASPRO,main,indprod,2019-02-26 10:55:07
IPMUDA,main,indprod,2019-02-26 10:55:07
IRETEX,main,indprod,2019-02-26 10:55:07
IRETEX-WA,main,indprod,2019-02-26 10:55:07
JASKITA,main,indprod,2019-02-26 10:55:07
JCBNEXT,main,indprod,2019-02-26 10:55:07
JETSON,main,indprod,2019-02-26 10:55:07
JMR,main,indprod,2019-02-26 10:55:07
KARYON,main,indprod,2019-02-26 10:55:07
KEINHIN,main,indprod,2019-02-26 10:55:07
KFIMA,main,indprod,2019-02-26 10:55:08
KGB,main,indprod,2019-02-26 10:55:08
KGB-WA,main,indprod,2019-02-26 10:55:08
KIALIM,main,indprod,2019-02-26 10:55:08
KIANJOO,main,indprod,2019-02-26 10:55:08
KIMHIN,main,indprod,2019-02-26 10:55:08
KINSTEL,main,indprod,2019-02-26 10:55:08
KKB,main,indprod,2019-02-26 10:55:08
KNUSFOR,main,indprod,2019-02-26 10:55:08
KOBAY,main,indprod,2019-02-26 10:55:08
KOMARK,main,indprod,2019-02-26 10:55:08
KOMARK-WB,main,indprod,2019-02-26 10:55:08
KPSCB,main,indprod,2019-02-26 10:55:08
KSENG,main,indprod,2019-02-26 10:55:08
KSSC,main,indprod,2019-02-26 10:55:08
KUB,main,indprod,2019-02-26 10:55:08
KYM,main,indprod,2019-02-26 10:55:08
LAFMSIA,main,indprod,2019-02-26 10:55:08
LBALUM,main,indprod,2019-02-26 10:55:08
LCTITAN,main,indprod,2019-02-26 10:55:08
LEONFB,main,indprod,2019-02-26 10:55:08
LEWEKO,main,indprod,2019-02-26 10:55:08
LEWEKO-WB,main,indprod,2019-02-26 10:55:08
LFECORP,main,indprod,2019-02-26 10:55:08
LIONFIB,main,indprod,2019-02-26 10:55:08
LIONIND,main,indprod,2019-02-26 10:55:09
LSTEEL,main,indprod,2019-02-26 10:55:09
LUSTER,main,indprod,2019-02-26 10:55:09
LUSTER-WA,main,indprod,2019-02-26 10:55:09
LUSTER-WB,main,indprod,2019-02-26 10:55:09
LUXCHEM,main,indprod,2019-02-26 10:55:09
LYSAGHT,main,indprod,2019-02-26 10:55:09
MASTEEL,main,indprod,2019-02-26 10:55:09
MASTER,main,indprod,2019-02-26 10:55:09
MBL,main,indprod,2019-02-26 10:55:09
MBL-WA,main,indprod,2019-02-26 10:55:09
MCEHLDG,main,indprod,2019-02-26 10:55:09
MELEWAR,main,indprod,2019-02-26 10:55:09
MELEWAR-WB,main,indprod,2019-02-26 10:55:09
MENTIGA,main,indprod,2019-02-26 10:55:09
METROD,main,indprod,2019-02-26 10:55:09
MIECO,main,indprod,2019-02-26 10:55:09
MINETEC,main,indprod,2019-02-26 10:55:09
MINETEC-WA,main,indprod,2019-02-26 10:55:09
MINHO,main,indprod,2019-02-26 10:55:09
MINHO-WC,main,indprod,2019-02-26 10:55:09
MSC,main,indprod,2019-02-26 10:55:09
MTRONIC,main,indprod,2019-02-26 10:55:10
MUDA,main,indprod,2019-02-26 10:55:10
MYCRON,main,indprod,2019-02-26 10:55:10
MYCRON-WA,main,indprod,2019-02-26 10:55:10
NGGB,main,indprod,2019-02-26 10:55:10
NGGB-WA,main,indprod,2019-02-26 10:55:10
NWP,main,indprod,2019-02-26 10:55:10
NYLEX,main,indprod,2019-02-26 10:55:10
OKA,main,indprod,2019-02-26 10:55:10
ORNA,main,indprod,2019-02-26 10:55:10
PA,main,indprod,2019-02-26 10:55:10
PA-WB,main,indprod,2019-02-26 10:55:10
PANSAR,main,indprod,2019-02-26 10:55:10
PANSAR-WA,main,indprod,2019-02-26 10:55:10
PANTECH,main,indprod,2019-02-26 10:55:10
PANTECH-WA,main,indprod,2019-02-26 10:55:10
PANTECH-WB,main,indprod,2019-02-26 10:55:10
PCHEM,main,indprod,2019-02-26 10:55:10
PECCA,main,indprod,2019-02-26 10:55:10
PERSTIM,main,indprod,2019-02-26 10:55:10
PESTECH,main,indprod,2019-02-26 10:55:10
PGLOBE,main,indprod,2019-02-26 10:55:10
PGLOBE-WA,main,indprod,2019-02-26 10:55:10
PICORP,main,indprod,2019-02-26 10:55:10
PIE,main,indprod,2019-02-26 10:55:10
PJBUMI,main,indprod,2019-02-26 10:55:11
PJBUMI-WA,main,indprod,2019-02-26 10:55:11
PMBTECH,main,indprod,2019-02-26 10:55:11
PMBTECH-WA,main,indprod,2019-02-26 10:55:11
PMETAL,main,indprod,2019-02-26 10:55:11
PMETAL-WC,main,indprod,2019-02-26 10:55:11
PNEPCB,main,indprod,2019-02-26 10:55:11
POLY,main,indprod,2019-02-26 10:55:11
PPHB,main,indprod,2019-02-26 10:55:11
PRESTAR,main,indprod,2019-02-26 10:55:11
PWORTH,main,indprod,2019-02-26 10:55:11
QUALITY,main,indprod,2019-02-26 10:55:11
RALCO,main,indprod,2019-02-26 10:55:11
RALCO-WB,main,indprod,2019-02-26 10:55:11
RESINTC,main,indprod,2019-02-26 10:55:11
RGTBHD,main,indprod,2019-02-26 10:55:11
RGTBHD-WB,main,indprod,2019-02-26 10:55:11
ROHAS,main,indprod,2019-02-26 10:55:11
RUBEREX,main,indprod,2019-02-26 10:55:11
SAB,main,indprod,2019-02-26 10:55:11
SAM,main,indprod,2019-02-26 10:55:11
SAMCHEM,main,indprod,2019-02-26 10:55:11
SAPIND,main,indprod,2019-02-26 10:55:11
SCABLE,main,indprod,2019-02-26 10:55:11
SCGM,main,indprod,2019-02-26 10:55:11
SCGM-WA,main,indprod,2019-02-26 10:55:11
SCIB,main,indprod,2019-02-26 10:55:11
SCICOM,main,indprod,2019-02-26 10:55:11
SCIENTX,main,indprod,2019-02-26 10:55:12
SCNWOLF,main,indprod,2019-02-26 10:55:12
SEACERA,main,indprod,2019-02-26 10:55:12
SEACERA-WB,main,indprod,2019-02-26 10:55:12
SEACERA-WC,main,indprod,2019-02-26 10:55:12
SEB,main,indprod,2019-02-26 10:55:12
SGB,main,indprod,2019-02-26 10:55:12
SGB-PA,main,indprod,2019-02-26 10:55:12
SGB-WA,main,indprod,2019-02-26 10:55:12
SIGGAS,main,indprod,2019-02-26 10:55:12
SKBSHUT,main,indprod,2019-02-26 10:55:12
SKPRES,main,indprod,2019-02-26 10:55:12
SLP,main,indprod,2019-02-26 10:55:12
SMISCOR,main,indprod,2019-02-26 10:55:12
SSTEEL,main,indprod,2019-02-26 10:55:12
STONE,main,indprod,2019-02-26 10:55:12
STONE-WA,main,indprod,2019-02-26 10:55:12
SUBUR,main,indprod,2019-02-26 10:55:12
SUCCESS,main,indprod,2019-02-26 10:55:12
SUNWAY,main,indprod,2019-02-26 10:55:12
SUNWAY-WB,main,indprod,2019-02-26 10:55:12
SUPERLN,main,indprod,2019-02-26 10:55:12
TASEK,main,indprod,2019-02-26 10:55:12
TASEK-PA,main,indprod,2019-02-26 10:55:12
TATGIAP,main,indprod,2019-02-26 10:55:13
TATGIAP-PA,main,indprod,2019-02-26 10:55:13
TATGIAP-WA,main,indprod,2019-02-26 10:55:13
TAWIN,main,indprod,2019-02-26 10:55:13
TECHBND,main,indprod,2019-02-26 10:55:13
TEXCHEM,main,indprod,2019-02-26 10:55:13
TGUAN,main,indprod,2019-02-26 10:55:13
TGUAN-WA,main,indprod,2019-02-26 10:55:13
TIENWAH,main,indprod,2019-02-26 10:55:13
TIMWELL,main,indprod,2019-02-26 10:55:13
TOMYPAK,main,indprod,2019-02-26 10:55:13
TOMYPAK-WA,main,indprod,2019-02-26 10:55:13
TONGHER,main,indprod,2019-02-26 10:55:13
TOYOINK,main,indprod,2019-02-26 10:55:13
TOYOINK-WB,main,indprod,2019-02-26 10:55:13
TURBO,main,indprod,2019-02-26 10:55:13
UCHITEC,main,indprod,2019-02-26 10:55:13
ULICORP,main,indprod,2019-02-26 10:55:13
UMS,main,indprod,2019-02-26 10:55:13
UMSNGB,main,indprod,2019-02-26 10:55:13
UNIMECH,main,indprod,2019-02-26 10:55:13
VERSATL,main,indprod,2019-02-26 10:55:13
VS,main,indprod,2019-02-26 10:55:13
WATTA,main,indprod,2019-02-26 10:55:13
WELLCAL,main,indprod,2019-02-26 10:55:14
WIDETEC,main,indprod,2019-02-26 10:55:14
WONG,main,indprod,2019-02-26 10:55:14
WOODLAN,main,indprod,2019-02-26 10:55:14
WTHORSE,main,indprod,2019-02-26 10:55:14
WTK,main,indprod,2019-02-26 10:55:14
WZSATU,main,indprod,2019-02-26 10:55:14
WZSATU-WA,main,indprod,2019-02-26 10:55:14
YFG,main,indprod,2019-02-26 10:55:14
YILAI,main,indprod,2019-02-26 10:55:14
YKGI,main,indprod,2019-02-26 10:55:14
YKGI-WB,main,indprod,2019-02-26 10:55:14
YLI,main,indprod,2019-02-26 10:55:14
AASIA,main,plantation,2019-02-26 10:55:16
BKAWAN,main,plantation,2019-02-26 10:55:16
BLDPLNT,main,plantation,2019-02-26 10:55:16
BPLANT,main,plantation,2019-02-26 10:55:16
CEPAT,main,plantation,2019-02-26 10:55:17
CHINTEK,main,plantation,2019-02-26 10:55:17
DUTALND,main,plantation,2019-02-26 10:55:17
FAREAST,main,plantation,2019-02-26 10:55:17
FGV,main,plantation,2019-02-26 10:55:17
GENP,main,plantation,2019-02-26 10:55:17
GENP-WA,main,plantation,2019-02-26 10:55:17
GLBHD,main,plantation,2019-02-26 10:55:17
GOPENG,main,plantation,2019-02-26 10:55:17
HARNLEN,main,plantation,2019-02-26 10:55:17
HSPLANT,main,plantation,2019-02-26 10:55:17
IJMPLNT,main,plantation,2019-02-26 10:55:17
INCKEN,main,plantation,2019-02-26 10:55:17
INNO,main,plantation,2019-02-26 10:55:17
IOICORP,main,plantation,2019-02-26 10:55:17
JTIASA,main,plantation,2019-02-26 10:55:17
KLK,main,plantation,2019-02-26 10:55:17
KLUANG,main,plantation,2019-02-26 10:55:17
KMLOONG,main,plantation,2019-02-26 10:55:17
KMLOONG-WB,main,plantation,2019-02-26 10:55:17
KRETAM,main,plantation,2019-02-26 10:55:17
KWANTAS,main,plantation,2019-02-26 10:55:17
MALPAC,main,plantation,2019-02-26 10:55:17
MHC,main,plantation,2019-02-26 10:55:17
NPC,main,plantation,2019-02-26 10:55:17
NSOP,main,plantation,2019-02-26 10:55:17
PINEPAC,main,plantation,2019-02-26 10:55:17
PLS,main,plantation,2019-02-26 10:55:18
RSAWIT,main,plantation,2019-02-26 10:55:18
RVIEW,main,plantation,2019-02-26 10:55:18
SBAGAN,main,plantation,2019-02-26 10:55:18
SHCHAN,main,plantation,2019-02-26 10:55:18
SIMEPLT,main,plantation,2019-02-26 10:55:18
SOP,main,plantation,2019-02-26 10:55:18
SWKPLNT,main,plantation,2019-02-26 10:55:18
TAANN,main,plantation,2019-02-26 10:55:18
TDM,main,plantation,2019-02-26 10:55:18
THPLANT,main,plantation,2019-02-26 10:55:18
TSH,main,plantation,2019-02-26 10:55:18
UMCCA,main,plantation,2019-02-26 10:55:18
UTDPLT,main,plantation,2019-02-26 10:55:18
AIRPORT,main,transport,2019-02-26 10:55:20
BHIC,main,transport,2019-02-26 10:55:20
BIPORT,main,transport,2019-02-26 10:55:20
CHGP,main,transport,2019-02-26 10:55:20
CHGP-WA,main,transport,2019-02-26 10:55:20
CJCEN,main,transport,2019-02-26 10:55:20
COMPLET,main,transport,2019-02-26 10:55:20
EATECH,main,transport,2019-02-26 10:55:20
FREIGHT,main,transport,2019-02-26 10:55:20
GDEX,main,transport,2019-02-26 10:55:20
GDEX-WB,main,transport,2019-02-26 10:55:20
GUNUNG,main,transport,2019-02-26 10:55:21
GUNUNG-WB,main,transport,2019-02-26 10:55:21
HARBOUR,main,transport,2019-02-26 10:55:21
HARBOUR-WC,main,transport,2019-02-26 10:55:21
HUBLINE,main,transport,2019-02-26 10:55:21
HUBLINE-WA,main,transport,2019-02-26 10:55:21
HUBLINE-WB,main,transport,2019-02-26 10:55:21
HUBLINE-WC,main,transport,2019-02-26 10:55:21
ILB,main,transport,2019-02-26 10:55:21
LITRAK,main,transport,2019-02-26 10:55:21
M&G,main,transport,2019-02-26 10:55:21
MAYBULK,main,transport,2019-02-26 10:55:21
MISC,main,transport,2019-02-26 10:55:21
MMCCORP,main,transport,2019-02-26 10:55:21
NATWIDE,main,transport,2019-02-26 10:55:21
PDZ,main,transport,2019-02-26 10:55:21
PDZ-WB,main,transport,2019-02-26 10:55:21
POS,main,transport,2019-02-26 10:55:21
PRKCORP,main,transport,2019-02-26 10:55:21
SEALINK,main,transport,2019-02-26 10:55:21
SEEHUP,main,transport,2019-02-26 10:55:21
SURIA,main,transport,2019-02-26 10:55:21
SYSCORP,main,transport,2019-02-26 10:55:21
TAS,main,transport,2019-02-26 10:55:21
TASCO,main,transport,2019-02-26 10:55:22
TNLOGIS,main,transport,2019-02-26 10:55:22
TOCEAN,main,transport,2019-02-26 10:55:22
WPRTS,main,transport,2019-02-26 10:55:22
XINHWA,main,transport,2019-02-26 10:55:22
CLIQ,main,specialpurposeact,2019-02-26 10:55:24
RSENA,main,specialpurposeact,2019-02-26 10:55:24
ICAP,main,closedfund,2019-02-26 10:55:26
CAREPLS,ace,healthcare,2019-02-26 11:18:04
LKL,ace,healthcare,2019-02-26 11:18:04
MGRC,ace,healthcare,2019-02-26 11:18:04
NOVA,ace,healthcare,2019-02-26 11:18:04
AEMULUS,ace,technology,2019-02-26 11:18:17
APPASIA,ace,technology,2019-02-26 11:18:17
APPASIA-WA,ace,technology,2019-02-26 11:18:17
ASDION,ace,technology,2019-02-26 11:18:17
ASDION-WB,ace,technology,2019-02-26 11:18:18
CABNET,ace,technology,2019-02-26 11:18:18
CABNET-WA,ace,technology,2019-02-26 11:18:18
DGB,ace,technology,2019-02-26 11:18:18
DGB-WB,ace,technology,2019-02-26 11:18:18
DGSB,ace,technology,2019-02-26 11:18:19
EAH,ace,technology,2019-02-26 11:18:19
EAH-WC,ace,technology,2019-02-26 11:18:19
EAH-WD,ace,technology,2019-02-26 11:18:19
EAH-WE,ace,technology,2019-02-26 11:18:19
EDUSPEC,ace,technology,2019-02-26 11:18:21
GENETEC,ace,technology,2019-02-26 11:18:21
GNB,ace,technology,2019-02-26 11:18:21
IDMENSN,ace,technology,2019-02-26 11:18:21
IDMENSN-WA,ace,technology,2019-02-26 11:18:22
IFCAMSC,ace,technology,2019-02-26 11:18:22
INIX,ace,technology,2019-02-26 11:18:22
INIX-WA,ace,technology,2019-02-26 11:18:22
IRIS,ace,technology,2019-02-26 11:18:22
JFTECH,ace,technology,2019-02-26 11:18:22
JHM,ace,technology,2019-02-26 11:18:22
K1,ace,technology,2019-02-26 11:18:22
K1-WC,ace,technology,2019-02-26 11:18:22
KGROUP,ace,technology,2019-02-26 11:18:22
KGROUP-WB,ace,technology,2019-02-26 11:18:22
KRONO,ace,technology,2019-02-26 11:18:22
LAMBO,ace,technology,2019-02-26 11:18:22
LYC,ace,technology,2019-02-26 11:18:22
MICROLN,ace,technology,2019-02-26 11:18:22
MIKROMB,ace,technology,2019-02-26 11:18:22
MLAB,ace,technology,2019-02-26 11:18:23
MLAB-WA,ace,technology,2019-02-26 11:18:23
MLAB-WB,ace,technology,2019-02-26 11:18:23
MMAG,ace,technology,2019-02-26 11:18:23
MMAG-PA,ace,technology,2019-02-26 11:18:23
MMAG-WB,ace,technology,2019-02-26 11:18:23
MPAY,ace,technology,2019-02-26 11:18:23
MQTECH,ace,technology,2019-02-26 11:18:23
MQTECH-WA,ace,technology,2019-02-26 11:18:23
N2N,ace,technology,2019-02-26 11:18:23
N2N-WB,ace,technology,2019-02-26 11:18:23
NETX,ace,technology,2019-02-26 11:18:23
NETX-WB,ace,technology,2019-02-26 11:18:23
NOVAMSC,ace,technology,2019-02-26 11:18:23
OPENSYS,ace,technology,2019-02-26 11:18:23
ORION,ace,technology,2019-02-26 11:18:24
ORION-WA,ace,technology,2019-02-26 11:18:24
PINEAPP,ace,technology,2019-02-26 11:18:24
REVENUE,ace,technology,2019-02-26 11:18:24
REVENUE-WA,ace,technology,2019-02-26 11:18:24
REXIT,ace,technology,2019-02-26 11:18:24
RGTECH,ace,technology,2019-02-26 11:18:24
SMETRIC,ace,technology,2019-02-26 11:18:24
SMRT,ace,technology,2019-02-26 11:18:24
SMTRACK,ace,technology,2019-02-26 11:18:24
SOLUTN,ace,technology,2019-02-26 11:18:24
SOLUTN-WA,ace,technology,2019-02-26 11:18:25
SYSTECH,ace,technology,2019-02-26 11:18:25
TDEX,ace,technology,2019-02-26 11:18:25
TFP,ace,technology,2019-02-26 11:18:25
UCREST,ace,technology,2019-02-26 11:18:25
VC,ace,technology,2019-02-26 11:18:25
VIS,ace,technology,2019-02-26 11:18:25
VIS-WB,ace,technology,2019-02-26 11:18:25
VIVOCOM,ace,technology,2019-02-26 11:18:25
VIVOCOM-WC,ace,technology,2019-02-26 11:18:26
VIVOCOM-WD,ace,technology,2019-02-26 11:18:26
VIVOCOM-WE,ace,technology,2019-02-26 11:18:26
VSOLAR,ace,technology,2019-02-26 11:18:26
WINTONI,ace,technology,2019-02-26 11:18:26
YGL,ace,technology,2019-02-26 11:18:26
ANCOMLB,ace,transport,2019-02-26 11:18:40
STRAITS,ace,transport,2019-02-26 11:18:40
STRAITS-WA,ace,transport,2019-02-26 11:18:40
TRIMODE,ace,transport,2019-02-26 11:18:40
BAHVEST,ace,consumer,2019-02-26 11:19:03
BAHVEST-WA,ace,consumer,2019-02-26 11:19:03
BIOHLDG,ace,consumer,2019-02-26 11:19:03
BIOHLDG-WA,ace,consumer,2019-02-26 11:19:03
DPIH,ace,consumer,2019-02-26 11:19:03
FOCUS,ace,consumer,2019-02-26 11:19:03
FOCUS-WC,ace,consumer,2019-02-26 11:19:03
FOCUSP,ace,consumer,2019-02-26 11:19:03
GOCEAN,ace,consumer,2019-02-26 11:19:03
GOCEAN-WA,ace,consumer,2019-02-26 11:19:03
KANGER,ace,consumer,2019-02-26 11:19:03
KANGER-WA,ace,consumer,2019-02-26 11:19:03
KTC,ace,consumer,2019-02-26 11:19:03
OVERSEA,ace,consumer,2019-02-26 11:19:03
PARLO,ace,consumer,2019-02-26 11:19:03
PLABS,ace,consumer,2019-02-26 11:19:03
SCC,ace,consumer,2019-02-26 11:19:03
STERPRO,ace,consumer,2019-02-26 11:19:03
STERPRO-WA,ace,consumer,2019-02-26 11:19:03
SUNZEN,ace,consumer,2019-02-26 11:19:03
SUNZEN-WA,ace,consumer,2019-02-26 11:19:03
SUNZEN-WB,ace,consumer,2019-02-26 11:19:03
WEGMANS,ace,consumer,2019-02-26 11:19:03
WEGMANS-WA,ace,consumer,2019-02-26 11:19:03
XINGHE,ace,consumer,2019-02-26 11:19:03
XINGHE-WA,ace,consumer,2019-02-26 11:19:04
GDB,ace,construction,2019-02-26 11:19:17
NADIBHD,ace,construction,2019-02-26 11:19:17
SCBUILD,ace,construction,2019-02-26 11:19:17
SCBUILD-WB,ace,construction,2019-02-26 11:19:17
WIDAD,ace,construction,2019-02-26 11:19:17
WIDAD-WA,ace,construction,2019-02-26 11:19:17
AIM,ace,indprod,2019-02-26 11:19:28
ASIAPLY,ace,indprod,2019-02-26 11:19:28
ASIAPLY-PA,ace,indprod,2019-02-26 11:19:28
ASIAPLY-WA,ace,indprod,2019-02-26 11:19:28
ASIAPLY-WB,ace,indprod,2019-02-26 11:19:28
AT,ace,indprod,2019-02-26 11:19:28
AT-WB,ace,indprod,2019-02-26 11:19:28
BCMALL,ace,indprod,2019-02-26 11:19:28
CONNECT,ace,indprod,2019-02-26 11:19:28
CONNECT-PA,ace,indprod,2019-02-26 11:19:28
CONNECT-WA,ace,indprod,2019-02-26 11:19:28
CONNECT-WB,ace,indprod,2019-02-26 11:19:28
ESAFE,ace,indprod,2019-02-26 11:19:28
ESCERAM,ace,indprod,2019-02-26 11:19:28
GFM,ace,indprod,2019-02-26 11:19:28
GFM-WC,ace,indprod,2019-02-26 11:19:28
HHGROUP,ace,indprod,2019-02-26 11:19:28
HHHCORP,ace,indprod,2019-02-26 11:19:28
HLT,ace,indprod,2019-02-26 11:19:28
HLT-WA,ace,indprod,2019-02-26 11:19:28
JAG,ace,indprod,2019-02-26 11:19:29
JAG-WA,ace,indprod,2019-02-26 11:19:29
JAG-WB,ace,indprod,2019-02-26 11:19:29
KAB,ace,indprod,2019-02-26 11:19:29
MCLEAN,ace,indprod,2019-02-26 11:19:29
MCLEAN-WB,ace,indprod,2019-02-26 11:19:29
MEGASUN,ace,indprod,2019-02-26 11:19:29
MEGASUN-WA,ace,indprod,2019-02-26 11:19:29
PASUKGB,ace,indprod,2019-02-26 11:19:29
PTB,ace,indprod,2019-02-26 11:19:29
QES,ace,indprod,2019-02-26 11:19:29
SANICHI,ace,indprod,2019-02-26 11:19:29
SANICHI-WC,ace,indprod,2019-02-26 11:19:29
SANICHI-WD,ace,indprod,2019-02-26 11:19:29
SANICHI-WE,ace,indprod,2019-02-26 11:19:29
SCH,ace,indprod,2019-02-26 11:19:29
SCH-WA,ace,indprod,2019-02-26 11:19:29
SCOMNET,ace,indprod,2019-02-26 11:19:29
SCOPE,ace,indprod,2019-02-26 11:19:29
SCOPE-WA,ace,indprod,2019-02-26 11:19:29
SERSOL,ace,indprod,2019-02-26 11:19:29
SERSOL-WA,ace,indprod,2019-02-26 11:19:29
TECFAST,ace,indprod,2019-02-26 11:19:30
TEXCYCL,ace,indprod,2019-02-26 11:19:30
YBS,ace,indprod,2019-02-26 11:19:30
BTECH,ace,utilities,2019-02-26 11:19:57
AEONCR-LA,bond,finance,2019-02-26 11:20:19
ELKDESA-LA,bond,finance,2019-02-26 11:20:20
REDTONE-LA,bond,telcomedia,2019-02-26 11:20:36
ATTA-LA,bond,indprod,2019-02-26 11:20:50
BJCORP-LD,bond,indprod,2019-02-26 11:20:50
BJCORP-LE,bond,indprod,2019-02-26 11:20:50
CME-LA,bond,indprod,2019-02-26 11:20:50
HIAPTEK-LA,bond,indprod,2019-02-26 11:20:50
IRETEX-LA,bond,indprod,2019-02-26 11:20:50
PMBTECH-LA,bond,indprod,2019-02-26 11:20:50
SSTEEL-LB,bond,indprod,2019-02-26 11:20:50
TGUAN-LA,bond,indprod,2019-02-26 11:20:50
ASIAPAC-LC,bond,property,2019-02-26 11:21:07
IBHD-LB,bond,property,2019-02-26 11:21:07
YTLLAND-LA,bond,property,2019-02-26 11:21:07
DIN040000223,bond,islamic,2019-02-26 11:21:22
DIN042300721,bond,islamic,2019-02-26 11:21:22
DIN045801028,bond,islamic,2019-02-26 11:21:22
IHS046000824,bond,islamic,2019-02-26 11:21:22
BJTOTO-CW,warrants,property,2019-02-26 11:22:14
ECOWLD-CQ,warrants,property,2019-02-26 11:22:14
ECOWLD-CR,warrants,property,2019-02-26 11:22:14
ECOWLD-CS,warrants,property,2019-02-26 11:22:14
ECOWLD-CT,warrants,property,2019-02-26 11:22:15
IOIPG-CU,warrants,property,2019-02-26 11:22:15
IOIPG-CV,warrants,property,2019-02-26 11:22:15
MAHSING-C17,warrants,property,2019-02-26 11:22:15
MAHSING-C18,warrants,property,2019-02-26 11:22:15
MAHSING-C19,warrants,property,2019-02-26 11:22:15
MRCB-C32,warrants,property,2019-02-26 11:22:15
MRCB-C34,warrants,property,2019-02-26 11:22:15
MRCB-C35,warrants,property,2019-02-26 11:22:15
MRCB-C36,warrants,property,2019-02-26 11:22:15
MRCB-C37,warrants,property,2019-02-26 11:22:15
MRCB-C38,warrants,property,2019-02-26 11:22:15
MRCB-C39,warrants,property,2019-02-26 11:22:16
MRCB-C40,warrants,property,2019-02-26 11:22:16
MRCB-C41,warrants,property,2019-02-26 11:22:16
SIMEPROP-CG,warrants,property,2019-02-26 11:22:16
SIMEPROP-CH,warrants,property,2019-02-26 11:22:16
SIMEPROP-CI,warrants,property,2019-02-26 11:22:16
SIMEPROP-CJ,warrants,property,2019-02-26 11:22:16
SIMEPROP-CK,warrants,property,2019-02-26 11:22:16
SPSETIA-C10,warrants,property,2019-02-26 11:22:16
SPSETIA-C11,warrants,property,2019-02-26 11:22:16
SPSETIA-C12,warrants,property,2019-02-26 11:22:16
SPSETIA-C13,warrants,property,2019-02-26 11:22:16
SPSETIA-C14,warrants,property,2019-02-26 11:22:16
SPSETIA-C9,warrants,property,2019-02-26 11:22:17
UEMS-C62,warrants,property,2019-02-26 11:22:17
UEMS-C64,warrants,property,2019-02-26 11:22:17
UEMS-C65,warrants,property,2019-02-26 11:22:17
UEMS-C66,warrants,property,2019-02-26 11:22:17
ABMB-CX,warrants,finance,2019-02-26 11:22:33
ABMB-CY,warrants,finance,2019-02-26 11:22:34
AMBANK-C10,warrants,finance,2019-02-26 11:22:34
AMBANK-C11,warrants,finance,2019-02-26 11:22:35
AMBANK-C12,warrants,finance,2019-02-26 11:22:35
AMBANK-C13,warrants,finance,2019-02-26 11:22:35
BURSA-C18,warrants,finance,2019-02-26 11:22:36
BURSA-C20,warrants,finance,2019-02-26 11:22:36
BURSA-C21,warrants,finance,2019-02-26 11:22:36
BURSA-C22,warrants,finance,2019-02-26 11:22:37
BURSA-C23,warrants,finance,2019-02-26 11:22:37
CIMB-C38,warrants,finance,2019-02-26 11:22:37
CIMB-C40,warrants,finance,2019-02-26 11:22:37
CIMB-C41,warrants,finance,2019-02-26 11:22:37
CIMB-C42,warrants,finance,2019-02-26 11:22:37
CIMB-C43,warrants,finance,2019-02-26 11:22:38
CIMB-C44,warrants,finance,2019-02-26 11:22:38
CIMB-C45,warrants,finance,2019-02-26 11:22:38
CIMB-C46,warrants,finance,2019-02-26 11:22:38
HLBANK-CN,warrants,finance,2019-02-26 11:22:39
HLBANK-CO,warrants,finance,2019-02-26 11:22:39
MAYBANKC43,warrants,finance,2019-02-26 11:22:39
MAYBANKC44,warrants,finance,2019-02-26 11:22:39
MAYBANKC45,warrants,finance,2019-02-26 11:22:39
MAYBANKC46,warrants,finance,2019-02-26 11:22:40
MAYBANKC47,warrants,finance,2019-02-26 11:22:40
MAYBANKC48,warrants,finance,2019-02-26 11:22:40
MAYBANKC49,warrants,finance,2019-02-26 11:22:40
MAYBANKC50,warrants,finance,2019-02-26 11:22:40
MAYBANKC51,warrants,finance,2019-02-26 11:22:41
MAYBANKC52,warrants,finance,2019-02-26 11:22:41
MBSB-C14,warrants,finance,2019-02-26 11:22:41
MBSB-C15,warrants,finance,2019-02-26 11:22:41
MBSB-C16,warrants,finance,2019-02-26 11:22:42
MBSB-C17,warrants,finance,2019-02-26 11:22:42
MBSB-C18,warrants,finance,2019-02-26 11:22:42
MBSB-C19,warrants,finance,2019-02-26 11:22:43
MBSB-C20,warrants,finance,2019-02-26 11:22:43
PBBANK-C26,warrants,finance,2019-02-26 11:22:43
PBBANK-C27,warrants,finance,2019-02-26 11:22:44
PBBANK-C28,warrants,finance,2019-02-26 11:22:44
PBBANK-C29,warrants,finance,2019-02-26 11:22:44
PBBANK-C30,warrants,finance,2019-02-26 11:22:44
PBBANK-C31,warrants,finance,2019-02-26 11:22:45
RHBBANK-C8,warrants,finance,2019-02-26 11:22:45
RHBBANKC10,warrants,finance,2019-02-26 11:22:45
RHBBANKC11,warrants,finance,2019-02-26 11:22:45
RHBBANKC12,warrants,finance,2019-02-26 11:22:45
RHBBANKC13,warrants,finance,2019-02-26 11:22:46
TAKAFUL-CC,warrants,finance,2019-02-26 11:22:46
ASTRO-C10,warrants,telcomedia,2019-02-26 11:22:57
ASTRO-C11,warrants,telcomedia,2019-02-26 11:22:58
ASTRO-C12,warrants,telcomedia,2019-02-26 11:22:58
ASTRO-C13,warrants,telcomedia,2019-02-26 11:23:00
ASTRO-C14,warrants,telcomedia,2019-02-26 11:23:00
AXIATA-C28,warrants,telcomedia,2019-02-26 11:23:01
AXIATA-C29,warrants,telcomedia,2019-02-26 11:23:01
AXIATA-C30,warrants,telcomedia,2019-02-26 11:23:02
AXIATA-C31,warrants,telcomedia,2019-02-26 11:23:02
AXIATA-C32,warrants,telcomedia,2019-02-26 11:23:02
AXIATA-C33,warrants,telcomedia,2019-02-26 11:23:02
AXIATA-C34,warrants,telcomedia,2019-02-26 11:23:03
AXIATA-C35,warrants,telcomedia,2019-02-26 11:23:03
AXIATA-C36,warrants,telcomedia,2019-02-26 11:23:03
DIGI-C24,warrants,telcomedia,2019-02-26 11:23:03
DIGI-C25,warrants,telcomedia,2019-02-26 11:23:03
DIGI-C26,warrants,telcomedia,2019-02-26 11:23:04
DIGI-C27,warrants,telcomedia,2019-02-26 11:23:04
DIGI-C28,warrants,telcomedia,2019-02-26 11:23:04
MAXIS-C8,warrants,telcomedia,2019-02-26 11:23:04
MAXIS-C9,warrants,telcomedia,2019-02-26 11:23:05
TM-C27,warrants,telcomedia,2019-02-26 11:23:05
TM-C28,warrants,telcomedia,2019-02-26 11:23:05
TM-C29,warrants,telcomedia,2019-02-26 11:23:05
TM-C30,warrants,telcomedia,2019-02-26 11:23:05
TM-C31,warrants,telcomedia,2019-02-26 11:23:06
TM-C32,warrants,telcomedia,2019-02-26 11:23:06
TM-C33,warrants,telcomedia,2019-02-26 11:23:06
TM-C34,warrants,telcomedia,2019-02-26 11:23:06
TM-C35,warrants,telcomedia,2019-02-26 11:23:06
TM-C36,warrants,telcomedia,2019-02-26 11:23:07
TM-C37,warrants,telcomedia,2019-02-26 11:23:07
TM-C38,warrants,telcomedia,2019-02-26 11:23:07
TM-C39,warrants,telcomedia,2019-02-26 11:23:07
AIRPORT-C2,warrants,transport,2019-02-26 11:23:18
AIRPORT-C3,warrants,transport,2019-02-26 11:23:19
AIRPORT-C4,warrants,transport,2019-02-26 11:23:19
AIRPORT-C5,warrants,transport,2019-02-26 11:23:19
AIRPORT-C6,warrants,transport,2019-02-26 11:23:19
AIRPORT-C7,warrants,transport,2019-02-26 11:23:20
GDEX-CN,warrants,transport,2019-02-26 11:23:20
MISC-C19,warrants,transport,2019-02-26 11:23:20
MISC-C20,warrants,transport,2019-02-26 11:23:20
MISC-C21,warrants,transport,2019-02-26 11:23:20
POS-C21,warrants,transport,2019-02-26 11:23:20
POS-C22,warrants,transport,2019-02-26 11:23:21
POS-C23,warrants,transport,2019-02-26 11:23:21
POS-C24,warrants,transport,2019-02-26 11:23:21
POS-C25,warrants,transport,2019-02-26 11:23:21
POS-C26,warrants,transport,2019-02-26 11:23:22
POS-C27,warrants,transport,2019-02-26 11:23:22
POS-C28,warrants,transport,2019-02-26 11:23:22
POS-C29,warrants,transport,2019-02-26 11:23:22
POS-C30,warrants,transport,2019-02-26 11:23:23
POS-C31,warrants,transport,2019-02-26 11:23:23
POS-C32,warrants,transport,2019-02-26 11:23:23
POS-C33,warrants,transport,2019-02-26 11:23:23
WPRTS-CX,warrants,transport,2019-02-26 11:23:23
WPRTS-CY,warrants,transport,2019-02-26 11:23:23
EKOVEST-CQ,warrants,construction,2019-02-26 11:23:36
EKOVEST-CR,warrants,construction,2019-02-26 11:23:36
EKOVEST-CS,warrants,construction,2019-02-26 11:23:37
EKOVEST-CT,warrants,construction,2019-02-26 11:23:37
GAMUDA-C51,warrants,construction,2019-02-26 11:23:37
GAMUDA-C53,warrants,construction,2019-02-26 11:23:37
GAMUDA-C54,warrants,construction,2019-02-26 11:23:37
GAMUDA-C55,warrants,construction,2019-02-26 11:23:37
GAMUDA-C56,warrants,construction,2019-02-26 11:23:37
GAMUDA-C57,warrants,construction,2019-02-26 11:23:38
GAMUDA-C58,warrants,construction,2019-02-26 11:23:38
GAMUDA-C59,warrants,construction,2019-02-26 11:23:38
GAMUDA-C60,warrants,construction,2019-02-26 11:23:38
GAMUDA-C61,warrants,construction,2019-02-26 11:23:39
GAMUDA-C62,warrants,construction,2019-02-26 11:23:39
GAMUDA-C63,warrants,construction,2019-02-26 11:23:39
IJM-C20,warrants,construction,2019-02-26 11:23:39
IJM-C21,warrants,construction,2019-02-26 11:23:40
IJM-C22,warrants,construction,2019-02-26 11:23:40
IJM-C23,warrants,construction,2019-02-26 11:23:41
IJM-C24,warrants,construction,2019-02-26 11:23:41
KERJAYA-CJ,warrants,construction,2019-02-26 11:23:42
SUNCON-CS,warrants,construction,2019-02-26 11:23:42
SUNCON-CT,warrants,construction,2019-02-26 11:23:43
SUNCON-CU,warrants,construction,2019-02-26 11:23:43
SUNCON-CV,warrants,construction,2019-02-26 11:23:44
WCT-C14,warrants,construction,2019-02-26 11:23:44
WCT-C15,warrants,construction,2019-02-26 11:23:45
WCT-C16,warrants,construction,2019-02-26 11:23:45
BJCORP-C10,warrants,indprod,2019-02-26 11:23:59
BJCORP-C11,warrants,indprod,2019-02-26 11:23:59
CMSB-C13,warrants,indprod,2019-02-26 11:23:59
CMSB-C14,warrants,indprod,2019-02-26 11:24:00
CMSB-C15,warrants,indprod,2019-02-26 11:24:00
HAPSENG-CX,warrants,indprod,2019-02-26 11:24:00
PCHEM-C22,warrants,indprod,2019-02-26 11:24:00
PCHEM-C23,warrants,indprod,2019-02-26 11:24:00
PCHEM-C24,warrants,indprod,2019-02-26 11:24:01
PCHEM-C25,warrants,indprod,2019-02-26 11:24:01
PCHEM-C26,warrants,indprod,2019-02-26 11:24:01
PCHEM-C27,warrants,indprod,2019-02-26 11:24:02
PCHEM-C28,warrants,indprod,2019-02-26 11:24:02
PESTECH-CF,warrants,indprod,2019-02-26 11:24:02
PMETAL-C15,warrants,indprod,2019-02-26 11:24:02
PMETAL-C16,warrants,indprod,2019-02-26 11:24:03
PMETAL-C17,warrants,indprod,2019-02-26 11:24:03
PMETAL-C18,warrants,indprod,2019-02-26 11:24:03
PMETAL-C19,warrants,indprod,2019-02-26 11:24:03
PMETAL-C20,warrants,indprod,2019-02-26 11:24:03
PMETAL-C21,warrants,indprod,2019-02-26 11:24:03
PMETAL-C22,warrants,indprod,2019-02-26 11:24:04
PMETAL-C23,warrants,indprod,2019-02-26 11:24:04
PMETAL-C24,warrants,indprod,2019-02-26 11:24:04
SCIENTX-CF,warrants,indprod,2019-02-26 11:24:04
SKPRES-CN,warrants,indprod,2019-02-26 11:24:04
SKPRES-CO,warrants,indprod,2019-02-26 11:24:04
SKPRES-CP,warrants,indprod,2019-02-26 11:24:05
SUNWAY-CQ,warrants,indprod,2019-02-26 11:24:05
SUNWAY-CR,warrants,indprod,2019-02-26 11:24:05
SUNWAY-CS,warrants,indprod,2019-02-26 11:24:05
UCHITEC-CD,warrants,indprod,2019-02-26 11:24:05
UCHITEC-CE,warrants,indprod,2019-02-26 11:24:06
VS-C10,warrants,indprod,2019-02-26 11:24:06
VS-C11,warrants,indprod,2019-02-26 11:24:06
VS-C5,warrants,indprod,2019-02-26 11:24:06
VS-C6,warrants,indprod,2019-02-26 11:24:06
VS-C7,warrants,indprod,2019-02-26 11:24:06
VS-C8,warrants,indprod,2019-02-26 11:24:06
VS-C9,warrants,indprod,2019-02-26 11:24:06
FGV-C52,warrants,plantation,2019-02-26 11:24:15
FGV-C54,warrants,plantation,2019-02-26 11:24:15
FGV-C55,warrants,plantation,2019-02-26 11:24:15
FGV-C56,warrants,plantation,2019-02-26 11:24:15
FGV-C57,warrants,plantation,2019-02-26 11:24:15
FGV-C58,warrants,plantation,2019-02-26 11:24:15
FGV-C59,warrants,plantation,2019-02-26 11:24:15
FGV-C60,warrants,plantation,2019-02-26 11:24:16
FGV-C61,warrants,plantation,2019-02-26 11:24:16
FGV-C62,warrants,plantation,2019-02-26 11:24:16
FGV-C63,warrants,plantation,2019-02-26 11:24:16
FGV-C64,warrants,plantation,2019-02-26 11:24:16
FGV-C65,warrants,plantation,2019-02-26 11:24:16
FGV-C66,warrants,plantation,2019-02-26 11:24:17
FGV-C67,warrants,plantation,2019-02-26 11:24:17
FGV-C68,warrants,plantation,2019-02-26 11:24:17
FGV-C69,warrants,plantation,2019-02-26 11:24:17
FGV-C70,warrants,plantation,2019-02-26 11:24:17
IOICORP-C19,warrants,plantation,2019-02-26 11:24:18
KLK-C2,warrants,plantation,2019-02-26 11:24:18
SIMEPLT-CG,warrants,plantation,2019-02-26 11:24:18
SIMEPLT-CH,warrants,plantation,2019-02-26 11:24:18
SIMEPLT-CI,warrants,plantation,2019-02-26 11:24:19
SIMEPLT-CJ,warrants,plantation,2019-02-26 11:24:19
TAANN-CM,warrants,plantation,2019-02-26 11:24:19
GHLSYS-CA,warrants,technology,2019-02-26 11:24:29
GTRONIC-CR,warrants,technology,2019-02-26 11:24:29
GTRONIC-CS,warrants,technology,2019-02-26 11:24:29
GTRONIC-CT,warrants,technology,2019-02-26 11:24:29
GTRONIC-CU,warrants,technology,2019-02-26 11:24:29
GTRONIC-CV,warrants,technology,2019-02-26 11:24:29
GTRONIC-CW,warrants,technology,2019-02-26 11:24:29
INARI-C21,warrants,technology,2019-02-26 11:24:29
INARI-C22,warrants,technology,2019-02-26 11:24:29
INARI-C23,warrants,technology,2019-02-26 11:24:30
INARI-C24,warrants,technology,2019-02-26 11:24:30
INARI-C25,warrants,technology,2019-02-26 11:24:30
INARI-C26,warrants,technology,2019-02-26 11:24:30
INARI-C27,warrants,technology,2019-02-26 11:24:30
INARI-C28,warrants,technology,2019-02-26 11:24:30
INARI-C29,warrants,technology,2019-02-26 11:24:30
INARI-C30,warrants,technology,2019-02-26 11:24:30
INARI-C31,warrants,technology,2019-02-26 11:24:30
INARI-C32,warrants,technology,2019-02-26 11:24:31
INARI-C33,warrants,technology,2019-02-26 11:24:31
INARI-C34,warrants,technology,2019-02-26 11:24:31
INARI-C35,warrants,technology,2019-02-26 11:24:31
MI-CA,warrants,technology,2019-02-26 11:24:31
MI-CB,warrants,technology,2019-02-26 11:24:31
MI-CC,warrants,technology,2019-02-26 11:24:31
MI-CD,warrants,technology,2019-02-26 11:24:31
MI-CE,warrants,technology,2019-02-26 11:24:31
MI-CF,warrants,technology,2019-02-26 11:24:32
MYEG-C44,warrants,technology,2019-02-26 11:24:32
MYEG-C46,warrants,technology,2019-02-26 11:24:32
MYEG-C47,warrants,technology,2019-02-26 11:24:32
MYEG-C48,warrants,technology,2019-02-26 11:24:32
MYEG-C49,warrants,technology,2019-02-26 11:24:32
MYEG-C50,warrants,technology,2019-02-26 11:24:32
MYEG-C51,warrants,technology,2019-02-26 11:24:33
MYEG-C52,warrants,technology,2019-02-26 11:24:33
MYEG-C53,warrants,technology,2019-02-26 11:24:33
MYEG-C54,warrants,technology,2019-02-26 11:24:33
MYEG-C55,warrants,technology,2019-02-26 11:24:33
MYEG-C56,warrants,technology,2019-02-26 11:24:33
MYEG-C57,warrants,technology,2019-02-26 11:24:34
MYEG-C58,warrants,technology,2019-02-26 11:24:34
MYEG-C59,warrants,technology,2019-02-26 11:24:34
MYEG-C60,warrants,technology,2019-02-26 11:24:34
UNISEM-C11,warrants,technology,2019-02-26 11:24:35
UNISEM-C12,warrants,technology,2019-02-26 11:24:35
UNISEM-C13,warrants,technology,2019-02-26 11:24:35
UNISEM-C14,warrants,technology,2019-02-26 11:24:35
UNISEM-C15,warrants,technology,2019-02-26 11:24:35
VITROX-CL,warrants,technology,2019-02-26 11:24:35
VITROX-CM,warrants,technology,2019-02-26 11:24:35
MALAKOFC12,warrants,utilities,2019-02-26 11:24:46
MALAKOFC13,warrants,utilities,2019-02-26 11:24:46
MALAKOFC14,warrants,utilities,2019-02-26 11:24:46
MALAKOFC15,warrants,utilities,2019-02-26 11:24:47
MALAKOFC16,warrants,utilities,2019-02-26 11:24:47
MALAKOFC17,warrants,utilities,2019-02-26 11:24:47
MALAKOFC18,warrants,utilities,2019-02-26 11:24:47
MALAKOFC19,warrants,utilities,2019-02-26 11:24:47
PETGAS-CR,warrants,utilities,2019-02-26 11:24:47
PETGAS-CS,warrants,utilities,2019-02-26 11:24:47
TENAGA-C47,warrants,utilities,2019-02-26 11:24:47
TENAGA-C49,warrants,utilities,2019-02-26 11:24:47
TENAGA-C50,warrants,utilities,2019-02-26 11:24:47
TENAGA-C51,warrants,utilities,2019-02-26 11:24:47
TENAGA-C52,warrants,utilities,2019-02-26 11:24:47
TENAGA-C53,warrants,utilities,2019-02-26 11:24:48
YTL-C19,warrants,utilities,2019-02-26 11:24:48
YTL-C22,warrants,utilities,2019-02-26 11:24:48
YTL-C23,warrants,utilities,2019-02-26 11:24:48
YTLPOWR-C5,warrants,utilities,2019-02-26 11:24:48
YTLPOWR-C6,warrants,utilities,2019-02-26 11:24:48
ABFMY1,etf,bond,2019-02-26 11:24:58
CHINAETF-MYR,etf,equity,2019-02-26 11:25:07
CHINAETF-USD,etf,equity,2019-02-26 11:25:07
CIMBA40,etf,equity,2019-02-26 11:25:07
CIMBC50,etf,equity,2019-02-26 11:25:07
FBMKLCI-EA,etf,equity,2019-02-26 11:25:07
METFAPA,etf,equity,2019-02-26 11:25:07
METFSID,etf,equity,2019-02-26 11:25:07
METFUS50,etf,equity,2019-02-26 11:25:08
MYETFDJ,etf,equity,2019-02-26 11:25:08
MYETFID,etf,equity,2019-02-26 11:25:08
GOLDETF,etf,commodity,2019-02-26 11:25:13
